rsID	chr_name	chr_position	effect_allele	effect_weight	OR
rs6656401	1	207692049	A	0.166	1.18
rs6733839	2	127892810	T	0.199	1.22
rs35349669	2	234068476	T	0.077	1.08
rs190982	5	88223420	G	-0.073	0.93
rs9271192	6	32578530	C	0.104	1.11
rs10948363	6	47487762	G	0.095	1.1
rs2718058	7	37841534	G	-0.073	0.93
rs1476679	7	100004446	C	-0.094	0.91
rs11771145	7	143110762	A	-0.105	0.9
rs28834970	8	27195121	C	0.095	1.1
rs9331896	8	27467686	C	-0.151	0.86
rs10838725	11	47557871	C	0.077	1.08
rs983392	11	59923508	G	-0.105	0.9
rs10792832	11	85867875	A	-0.139	0.87
rs11218343	11	121435587	C	-0.261	0.77
rs17125944	14	53400629	C	0.131	1.14
rs10498633	14	92926952	T	-0.094	0.91
rs8093731	18	29088958	T	-0.315	0.73
rs4147929	19	1063443	A	0.14	1.15
rs3865444	19	51727962	A	-0.062	0.94
rs7274581	20	55018260	C	-0.128	0.88
